language,filename,DirPath,Returncode,Command,Output,Stdout,Stderr
C,HaskellToC.c,./Projects/HelloWorld/Executions5\07-26-2024_14h12m39s\HaskellToC.c,1,gcc ./Projects/HelloWorld/Executions5\07-26-2024_14h12m39s\HaskellToC.c -o ./Projects/HelloWorld/Executions5\07-26-2024_14h12m39s\outputC,b'',"./Projects/HelloWorld/Executions5\07-26-2024_14h12m39s\HaskellToC.c:1:11: error: missing terminating > character
    1 | #include <
      |           ^
./Projects/HelloWorld/Executions5\07-26-2024_14h12m39s\HaskellToC.c:1:10: error: empty filename in #include
    1 | #include <
      |          ^
",
C++,C#ToC++.c++,./Projects/HelloWorld/Executions5\07-26-2024_13h51m\C#ToC++.c++,1,g++ ./Projects/HelloWorld/Executions5\07-26-2024_13h51m\C#ToC++.c++ -o ./Projects/HelloWorld/Executions5\07-26-2024_13h51m\outputCPP,b'',"./Projects/HelloWorld/Executions5\07-26-2024_13h51m\C#ToC++.c++:6:31: error: expected ',' or '...' before 'args'
    6 |     static void Main(string[] args) {
      |                               ^~~~
",
C++,C#ToC++.c++,./Projects/HelloWorld/Executions5\07-26-2024_14h17m12s\C#ToC++.c++,1,g++ ./Projects/HelloWorld/Executions5\07-26-2024_14h17m12s\C#ToC++.c++ -o ./Projects/HelloWorld/Executions5\07-26-2024_14h17m12s\outputCPP,b'',"./Projects/HelloWorld/Executions5\07-26-2024_14h17m12s\C#ToC++.c++:6:31: error: expected ',' or '...' before 'args'
    6 |     static void Main(string[] args) {
      |                               ^~~~
",
C++,JavaToC++.c++,./Projects/HelloWorld/Executions5\07-26-2024_13h41m\JavaToC++.c++,1,g++ ./Projects/HelloWorld/Executions5\07-26-2024_13h41m\JavaToC++.c++ -o ./Projects/HelloWorld/Executions5\07-26-2024_13h41m\outputCPP,b'',"./Projects/HelloWorld/Executions5\07-26-2024_13h41m\JavaToC++.c++:6:31: error: expected ',' or '...' before 'args'
    6 |     static void main(string[] args) {
      |                               ^~~~
./Projects/HelloWorld/Executions5\07-26-2024_13h41m\JavaToC++.c++: In function 'int main()':
./Projects/HelloWorld/Executions5\07-26-2024_13h41m\JavaToC++.c++:12:14: error: no matching function for call to 'GFG::main()'
   12 |     GFG::main();
      |     ~~~~~~~~~^~
./Projects/HelloWorld/Executions5\07-26-2024_13h41m\JavaToC++.c++:6:17: note: candidate: 'static void GFG::main(std::string*)'
    6 |     static void main(string[] args) {
      |                 ^~~~
./Projects/HelloWorld/Executions5\07-26-2024_13h41m\JavaToC++.c++:6:17: note:   candidate expects 1 argument, 0 provided
",
