language,filename,DirPath,Returncode,Command,Output,Stdout,Stderr
C++,PythonToC++.c++,./Projects/HumanEvalX/142/ExecutionsExp8Run2_2\08-26-2024_13h21m32s\PythonToC++.c++,1,g++ ./Projects/HumanEvalX/142/ExecutionsExp8Run2_2\08-26-2024_13h21m32s\PythonToC++.c++ -o ./Projects/HumanEvalX/142/ExecutionsExp8Run2_2\08-26-2024_13h21m32s\outputCPP,b'',"./Projects/HumanEvalX/142/ExecutionsExp8Run2_2\08-26-2024_13h21m32s\PythonToC++.c++: In function 'int main(int, char**)':
./Projects/HumanEvalX/142/ExecutionsExp8Run2_2\08-26-2024_13h21m32s\PythonToC++.c++:34:35: error: cannot convert 'std::__cxx11::basic_string<char>::iterator' to 'const char*'
   34 |     input.erase(remove(input.begin(), input.end(), '['), input.end());
      |                        ~~~~~~~~~~~^~
      |                                   |
      |                                   std::__cxx11::basic_string<char>::iterator
In file included from C:/MinGWCPP/x86_64-w64-mingw32/include/locale.h:12,
                 from C:/MinGWCPP/include/c++/13.2.0/clocale:42,
                 from C:/MinGWCPP/include/c++/13.2.0/x86_64-w64-mingw32/bits/c++locale.h:41,
                 from C:/MinGWCPP/include/c++/13.2.0/bits/localefwd.h:40,
                 from C:/MinGWCPP/include/c++/13.2.0/ios:43,
                 from C:/MinGWCPP/include/c++/13.2.0/ostream:40,
                 from C:/MinGWCPP/include/c++/13.2.0/iostream:41,
                 from ./Projects/HumanEvalX/142/ExecutionsExp8Run2_2\08-26-2024_13h21m32s\PythonToC++.c++:1:
C:/MinGWCPP/x86_64-w64-mingw32/include/stdio.h:715:34: note:   initializing argument 1 of 'int remove(const char*)'
  715 |   int __cdecl remove(const char *_Filename);
      |                      ~~~~~~~~~~~~^~~~~~~~~
./Projects/HumanEvalX/142/ExecutionsExp8Run2_2\08-26-2024_13h21m32s\PythonToC++.c++:35:35: error: cannot convert 'std::__cxx11::basic_string<char>::iterator' to 'const char*'
   35 |     input.erase(remove(input.begin(), input.end(), ']'), input.end());
      |                        ~~~~~~~~~~~^~
      |                                   |
      |                                   std::__cxx11::basic_string<char>::iterator
C:/MinGWCPP/x86_64-w64-mingw32/include/stdio.h:715:34: note:   initializing argument 1 of 'int remove(const char*)'
  715 |   int __cdecl remove(const char *_Filename);
      |                      ~~~~~~~~~~~~^~~~~~~~~
",
Haskell,C++ToHaskell.hs,./Projects/HumanEvalX/142/ExecutionsExp8Run2_2\08-26-2024_13h25m58s\C++ToHaskell.hs,1,ghc ./Projects/HumanEvalX/142/ExecutionsExp8Run2_2\08-26-2024_13h25m58s\C++ToHaskell.hs -o ./Projects/HumanEvalX/142/ExecutionsExp8Run2_2\08-26-2024_13h25m58s\outputHS,"b'Loaded package environment from C:\\Users\\mager\\AppData\\Roaming\\ghc\\x86_64-mingw32-9.10.1\\environments\\default\r\n[1 of 2] Compiling Main             ( Projects\\HumanEvalX\\142\\ExecutionsExp8Run2_2\\08-26-2024_13h25m58s\\C++ToHaskell.hs, Projects\\HumanEvalX\\142\\ExecutionsExp8Run2_2\\08-26-2024_13h25m58s\\C++ToHaskell.o )\r\n'","Projects\HumanEvalX\142\ExecutionsExp8Run2_2\08-26-2024_13h25m58s\C++ToHaskell.hs:21:25: error: [GHC-58481]
    parse error on input `if'
   |
21 |                        `if` last cleanedInput == ']' then init cleanedInput else cleanedInput
   |                         ^^

",
Haskell,C++ToHaskell.hs,./Projects/HumanEvalX/142/ExecutionsExp8Run2_2\08-26-2024_13h30m11s\C++ToHaskell.hs,1,ghc ./Projects/HumanEvalX/142/ExecutionsExp8Run2_2\08-26-2024_13h30m11s\C++ToHaskell.hs -o ./Projects/HumanEvalX/142/ExecutionsExp8Run2_2\08-26-2024_13h30m11s\outputHS,"b'Loaded package environment from C:\\Users\\mager\\AppData\\Roaming\\ghc\\x86_64-mingw32-9.10.1\\environments\\default\r\n[1 of 2] Compiling Main             ( Projects\\HumanEvalX\\142\\ExecutionsExp8Run2_2\\08-26-2024_13h30m11s\\C++ToHaskell.hs, Projects\\HumanEvalX\\142\\ExecutionsExp8Run2_2\\08-26-2024_13h30m11s\\C++ToHaskell.o )\r\n'","Projects\HumanEvalX\142\ExecutionsExp8Run2_2\08-26-2024_13h30m11s\C++ToHaskell.hs:19:35: error: [GHC-83865]
    * Couldn't match type `Data.Text.Internal.Text' with `[Char]'
      Expected: Data.Text.Internal.Text -> Maybe String
        Actual: Data.Text.Internal.Text -> Maybe Data.Text.Internal.Text
    * In the first argument of `(=<<)', namely `stripPrefix ""[""'
      In the third argument of `maybe', namely
        `(stripPrefix ""["" =<< stripSuffix ""]"" input0)'
      In the expression:
        maybe input0 id (stripPrefix ""["" =<< stripSuffix ""]"" input0)
   |
19 |     let input1 = maybe input0 id (stripPrefix ""["" =<< stripSuffix ""]"" input0)
   |                                   ^^^^^^^^^^^^^^^

Projects\HumanEvalX\142\ExecutionsExp8Run2_2\08-26-2024_13h30m11s\C++ToHaskell.hs:19:47: error: [GHC-83865]
    * Couldn't match type `[Char]' with `Data.Text.Internal.Text'
      Expected: Data.Text.Internal.Text
        Actual: String
    * In the first argument of `stripPrefix', namely `""[""'
      In the first argument of `(=<<)', namely `stripPrefix ""[""'
      In the third argument of `maybe', namely
        `(stripPrefix ""["" =<< stripSuffix ""]"" input0)'
   |
19 |     let input1 = maybe input0 id (stripPrefix ""["" =<< stripSuffix ""]"" input0)
   |                                               ^^^

Projects\HumanEvalX\142\ExecutionsExp8Run2_2\08-26-2024_13h30m11s\C++ToHaskell.hs:19:67: error: [GHC-83865]
    * Couldn't match type `[Char]' with `Data.Text.Internal.Text'
      Expected: Data.Text.Internal.Text
        Actual: String
    * In the first argument of `stripSuffix', namely `""]""'
      In the second argument of `(=<<)', namely `stripSuffix ""]"" input0'
      In the third argument of `maybe', namely
        `(stripPrefix ""["" =<< stripSuffix ""]"" input0)'
   |
19 |     let input1 = maybe input0 id (stripPrefix ""["" =<< stripSuffix ""]"" input0)
   |                                                                   ^^^

Projects\HumanEvalX\142\ExecutionsExp8Run2_2\08-26-2024_13h30m11s\C++ToHaskell.hs:19:71: error: [GHC-83865]
    * Couldn't match type `[Char]' with `Data.Text.Internal.Text'
      Expected: Data.Text.Internal.Text
        Actual: String
    * In the second argument of `stripSuffix', namely `input0'
      In the second argument of `(=<<)', namely `stripSuffix ""]"" input0'
      In the third argument of `maybe', namely
        `(stripPrefix ""["" =<< stripSuffix ""]"" input0)'
   |
19 |     let input1 = maybe input0 id (stripPrefix ""["" =<< stripSuffix ""]"" input0)
   |                                                                       ^^^^^^

",
Haskell,JavaToHaskell.hs,./Projects/HumanEvalX/142/ExecutionsExp8Run2_2\08-26-2024_13h13m46s\JavaToHaskell.hs,1,ghc ./Projects/HumanEvalX/142/ExecutionsExp8Run2_2\08-26-2024_13h13m46s\JavaToHaskell.hs -o ./Projects/HumanEvalX/142/ExecutionsExp8Run2_2\08-26-2024_13h13m46s\outputHS,"b'Loaded package environment from C:\\Users\\mager\\AppData\\Roaming\\ghc\\x86_64-mingw32-9.10.1\\environments\\default\r\n[1 of 2] Compiling Main             ( Projects\\HumanEvalX\\142\\ExecutionsExp8Run2_2\\08-26-2024_13h13m46s\\JavaToHaskell.hs, Projects\\HumanEvalX\\142\\ExecutionsExp8Run2_2\\08-26-2024_13h13m46s\\JavaToHaskell.o )\r\n'","Projects\HumanEvalX\142\ExecutionsExp8Run2_2\08-26-2024_13h13m46s\JavaToHaskell.hs:7:40: error: [GHC-83865]
    * Couldn't match type `Int' with `t0 Int'
      Expected: Maybe (t0 Int)
        Actual: [Int]
    * In the second argument of `fmap', namely `result'
      In the second argument of `fromMaybe', namely `(fmap sum result)'
      In the expression: fromMaybe 0 (fmap sum result)
  |
7 | sumSquares lst = fromMaybe 0 (fmap sum result)
  |                                        ^^^^^^

",
Haskell,JavascriptToHaskell.hs,./Projects/HumanEvalX/142/ExecutionsExp8Run2_2\08-26-2024_13h25m58s\JavascriptToHaskell.hs,1,ghc ./Projects/HumanEvalX/142/ExecutionsExp8Run2_2\08-26-2024_13h25m58s\JavascriptToHaskell.hs -o ./Projects/HumanEvalX/142/ExecutionsExp8Run2_2\08-26-2024_13h25m58s\outputHS,"b'Loaded package environment from C:\\Users\\mager\\AppData\\Roaming\\ghc\\x86_64-mingw32-9.10.1\\environments\\default\r\n[1 of 2] Compiling Main             ( Projects\\HumanEvalX\\142\\ExecutionsExp8Run2_2\\08-26-2024_13h25m58s\\JavascriptToHaskell.hs, Projects\\HumanEvalX\\142\\ExecutionsExp8Run2_2\\08-26-2024_13h25m58s\\JavascriptToHaskell.o )\r\n'","Projects\HumanEvalX\142\ExecutionsExp8Run2_2\08-26-2024_13h25m58s\JavascriptToHaskell.hs:19:43: error: [GHC-83865]
    * Couldn't match type `Char'
                     with `ghc-internal-9.1001.0:GHC.Internal.Word.Word8'
      Expected: [ghc-internal-9.1001.0:GHC.Internal.Word.Word8]
        Actual: String
    * In the first argument of `B.pack', namely `arg0'
      In the first argument of `decode', namely `(B.pack arg0)'
      In the first argument of `fromJust', namely
        `(decode (B.pack arg0) :: Maybe [Int])'
   |
19 |         parsed = fromJust (decode (B.pack arg0) :: Maybe [Int])
   |                                           ^^^^

",
Java,JavascriptToJava.java,./Projects/HumanEvalX/142/ExecutionsExp8Run2_2\08-26-2024_13h13m46s\JavascriptToJava.java,1,javac ./Projects/HumanEvalX/142/ExecutionsExp8Run2_2\08-26-2024_13h13m46s\Main.java,b'',".\Projects\HumanEvalX\142\ExecutionsExp8Run2_2\08-26-2024_13h13m46s\Main.java:1: error: package com.google.gson does not exist
import com.google.gson.Gson;
                      ^
.\Projects\HumanEvalX\142\ExecutionsExp8Run2_2\08-26-2024_13h13m46s\Main.java:7: error: cannot find symbol
            Gson gson = new Gson();
            ^
  symbol:   class Gson
  location: class Main
.\Projects\HumanEvalX\142\ExecutionsExp8Run2_2\08-26-2024_13h13m46s\Main.java:7: error: cannot find symbol
            Gson gson = new Gson();
                            ^
  symbol:   class Gson
  location: class Main
3 errors
",
Java,JavascriptToJava.java,./Projects/HumanEvalX/142/ExecutionsExp8Run2_2\08-26-2024_13h17m34s\JavascriptToJava.java,1,javac ./Projects/HumanEvalX/142/ExecutionsExp8Run2_2\08-26-2024_13h17m34s\SumSquares.java,b'',".\Projects\HumanEvalX\142\ExecutionsExp8Run2_2\08-26-2024_13h17m34s\SumSquares.java:1: error: package com.google.gson does not exist
import com.google.gson.Gson;
                      ^
.\Projects\HumanEvalX\142\ExecutionsExp8Run2_2\08-26-2024_13h17m34s\SumSquares.java:21: error: cannot find symbol
            Gson gson = new Gson();
            ^
  symbol:   class Gson
  location: class SumSquares
.\Projects\HumanEvalX\142\ExecutionsExp8Run2_2\08-26-2024_13h17m34s\SumSquares.java:21: error: cannot find symbol
            Gson gson = new Gson();
                            ^
  symbol:   class Gson
  location: class SumSquares
3 errors
",
Java,JavascriptToJava.java,./Projects/HumanEvalX/142/ExecutionsExp8Run2_2\08-26-2024_13h21m32s\JavascriptToJava.java,1,javac ./Projects/HumanEvalX/142/ExecutionsExp8Run2_2\08-26-2024_13h21m32s\SumSquares.java,b'',".\Projects\HumanEvalX\142\ExecutionsExp8Run2_2\08-26-2024_13h21m32s\SumSquares.java:1: error: package com.google.gson does not exist
import com.google.gson.Gson;
                      ^
.\Projects\HumanEvalX\142\ExecutionsExp8Run2_2\08-26-2024_13h21m32s\SumSquares.java:7: error: cannot find symbol
            Gson gson = new Gson();
            ^
  symbol:   class Gson
  location: class SumSquares
.\Projects\HumanEvalX\142\ExecutionsExp8Run2_2\08-26-2024_13h21m32s\SumSquares.java:7: error: cannot find symbol
            Gson gson = new Gson();
                            ^
  symbol:   class Gson
  location: class SumSquares
3 errors
",
Java,JavascriptToJava.java,./Projects/HumanEvalX/142/ExecutionsExp8Run2_2\08-26-2024_13h25m58s\JavascriptToJava.java,1,javac ./Projects/HumanEvalX/142/ExecutionsExp8Run2_2\08-26-2024_13h25m58s\CombinedProgram.java,b'',".\Projects\HumanEvalX\142\ExecutionsExp8Run2_2\08-26-2024_13h25m58s\CombinedProgram.java:1: error: package com.google.gson does not exist
import com.google.gson.Gson;
                      ^
.\Projects\HumanEvalX\142\ExecutionsExp8Run2_2\08-26-2024_13h25m58s\CombinedProgram.java:10: error: cannot find symbol
            Gson gson = new Gson();
            ^
  symbol:   class Gson
  location: class CombinedProgram
.\Projects\HumanEvalX\142\ExecutionsExp8Run2_2\08-26-2024_13h25m58s\CombinedProgram.java:10: error: cannot find symbol
            Gson gson = new Gson();
                            ^
  symbol:   class Gson
  location: class CombinedProgram
3 errors
",
Java,JavascriptToJava.java,./Projects/HumanEvalX/142/ExecutionsExp8Run2_2\08-26-2024_13h30m11s\JavascriptToJava.java,1,javac ./Projects/HumanEvalX/142/ExecutionsExp8Run2_2\08-26-2024_13h30m11s\SumSquares.java,b'',".\Projects\HumanEvalX\142\ExecutionsExp8Run2_2\08-26-2024_13h30m11s\SumSquares.java:1: error: package com.google.gson does not exist
import com.google.gson.Gson;
                      ^
.\Projects\HumanEvalX\142\ExecutionsExp8Run2_2\08-26-2024_13h30m11s\SumSquares.java:23: error: cannot find symbol
            Gson gson = new Gson();
            ^
  symbol:   class Gson
  location: class SumSquares
.\Projects\HumanEvalX\142\ExecutionsExp8Run2_2\08-26-2024_13h30m11s\SumSquares.java:23: error: cannot find symbol
            Gson gson = new Gson();
                            ^
  symbol:   class Gson
  location: class SumSquares
3 errors
",
Pascal,C++ToPascal.pas,./Projects/HumanEvalX/142/ExecutionsExp8Run2_2\08-26-2024_13h21m32s\C++ToPascal.pas,1,fpc ./Projects/HumanEvalX/142/ExecutionsExp8Run2_2\08-26-2024_13h21m32s\C++ToPascal.pas,"b'Free Pascal Compiler version 3.2.2 [2021/05/15] for i386\r\nCopyright (c) 1993-2021 by Florian Klaempfl and others\r\nTarget OS: Win32 for i386\r\nCompiling .\\Projects\\HumanEvalX\\142\\ExecutionsExp8Run2_2\\08-26-2024_13h21m32s\\C++ToPascal.pas\r\nC++ToPascal.pas(98,40) Error: Call by var for arg no. 2 has to match exactly: Got ""AnsiString"" expected ""LongInt""\r\nC++ToPascal.pas(102,42) Error: Incompatible type for arg no. 1: Got ""TIntList.GetItem(LongInt):LongInt;"", expected ""{Open} Array Of LongInt""\r\nC++ToPascal.pas(111) Fatal: There were 2 errors compiling module, stopping\r\nFatal: Compilation aborted\r\nError: C:\\FPC\\3.2.2\\bin\\i386-Win32\\ppc386.exe returned an error exitcode\r\n'",,
Pascal,C++ToPascal.pas,./Projects/HumanEvalX/142/ExecutionsExp8Run2_2\08-26-2024_13h30m11s\C++ToPascal.pas,1,fpc ./Projects/HumanEvalX/142/ExecutionsExp8Run2_2\08-26-2024_13h30m11s\C++ToPascal.pas,"b'Free Pascal Compiler version 3.2.2 [2021/05/15] for i386\r\nCopyright (c) 1993-2021 by Florian Klaempfl and others\r\nTarget OS: Win32 for i386\r\nCompiling .\\Projects\\HumanEvalX\\142\\ExecutionsExp8Run2_2\\08-26-2024_13h30m11s\\C++ToPascal.pas\r\nC++ToPascal.pas(24,50) Error: Identifier not found ""TList$1""\r\nC++ToPascal.pas(27,19) Error: Identifier not found ""TList$1""\r\nC++ToPascal.pas(27,20) Error: Illegal expression\r\nC++ToPascal.pas(29,21) Error: Identifier not found ""TList$1""\r\nC++ToPascal.pas(29,22) Error: Illegal expression\r\nC++ToPascal.pas(44,9) Error: Illegal qualifier\r\nC++ToPascal.pas(49,7) Error: Illegal qualifier\r\nC++ToPascal.pas(56,19) Error: Identifier not found ""TList$1""\r\nC++ToPascal.pas(56,20) Error: Illegal expression\r\nC++ToPascal.pas(65,31) Error: Illegal qualifier\r\nC++ToPascal.pas(68,9) Error: Illegal qualifier\r\nC++ToPascal.pas(76) Fatal: There were 11 errors compiling module, stopping\r\nFatal: Compilation aborted\r\nError: C:\\FPC\\3.2.2\\bin\\i386-Win32\\ppc386.exe returned an error exitcode\r\n'",,
Pascal,JavaToPascal.pas,./Projects/HumanEvalX/142/ExecutionsExp8Run2_2\08-26-2024_13h13m46s\JavaToPascal.pas,1,fpc ./Projects/HumanEvalX/142/ExecutionsExp8Run2_2\08-26-2024_13h13m46s\JavaToPascal.pas,"b'Free Pascal Compiler version 3.2.2 [2021/05/15] for i386\r\nCopyright (c) 1993-2021 by Florian Klaempfl and others\r\nTarget OS: Win32 for i386\r\nCompiling .\\Projects\\HumanEvalX\\142\\ExecutionsExp8Run2_2\\08-26-2024_13h13m46s\\JavaToPascal.pas\r\nJavaToPascal.pas(9,41) Error: Identifier not found ""TList$1""\r\nJavaToPascal.pas(12,46) Error: Identifier not found ""TList$1""\r\nJavaToPascal.pas(15,9) Error: Duplicate identifier ""RESULT""\r\nJavaToPascal.pas(17,23) Error: Illegal qualifier\r\nJavaToPascal.pas(20,19) Error: Illegal qualifier\r\nJavaToPascal.pas(23,22) Error: Illegal qualifier\r\nJavaToPascal.pas(23,29) Error: Illegal qualifier\r\nJavaToPascal.pas(25,34) Error: Illegal qualifier\r\nJavaToPascal.pas(27,22) Error: Illegal qualifier\r\nJavaToPascal.pas(33,13) Error: Incompatible types: got ""LongInt"" expected ""{Dynamic} Array Of LongInt""\r\nJavaToPascal.pas(37,11) Error: Duplicate identifier ""Solution""\r\nJavaToPascal.pas(37,21) Error: Error in type definition\r\nJavaToPascal.pas(39,19) Error: Identifier not found ""TList$1""\r\nJavaToPascal.pas(39,20) Error: Illegal expression\r\nJavaToPascal.pas(44,24) Error: Illegal qualifier\r\nJavaToPascal.pas(49,25) Error: Identifier not found ""TList$1""\r\nJavaToPascal.pas(49,26) Error: Illegal expression\r\nJavaToPascal.pas(58,15) Error: Illegal qualifier\r\nJavaToPascal.pas(61,26) Error: Illegal qualifier\r\nJavaToPascal.pas(63,11) Error: Illegal qualifier\r\nJavaToPascal.pas(67,14) Error: Illegal qualifier\r\nJavaToPascal.pas(70) Fatal: There were 21 errors compiling module, stopping\r\nFatal: Compilation aborted\r\nError: C:\\FPC\\3.2.2\\bin\\i386-Win32\\ppc386.exe returned an error exitcode\r\n'",,
Pascal,JavaToPascal.pas,./Projects/HumanEvalX/142/ExecutionsExp8Run2_2\08-26-2024_13h17m34s\JavaToPascal.pas,1,fpc ./Projects/HumanEvalX/142/ExecutionsExp8Run2_2\08-26-2024_13h17m34s\JavaToPascal.pas,"b'Free Pascal Compiler version 3.2.2 [2021/05/15] for i386\r\nCopyright (c) 1993-2021 by Florian Klaempfl and others\r\nTarget OS: Win32 for i386\r\nCompiling .\\Projects\\HumanEvalX\\142\\ExecutionsExp8Run2_2\\08-26-2024_13h17m34s\\JavaToPascal.pas\r\nJavaToPascal.pas(20,9) Error: Duplicate identifier ""RESULT""\r\nJavaToPascal.pas(32,26) Error: Identifier not found ""Power""\r\nJavaToPascal.pas(57,20) Error: Identifier not found ""StringReplace""\r\nJavaToPascal.pas(58,20) Error: Identifier not found ""StringReplace""\r\nJavaToPascal.pas(59,5) Error: Illegal expression\r\nJavaToPascal.pas(59,9) Fatal: Syntax error, "";"" expected but ""identifier TEMPARRAY0"" found\r\nFatal: Compilation aborted\r\nError: C:\\FPC\\3.2.2\\bin\\i386-Win32\\ppc386.exe returned an error exitcode\r\n'",,
Pascal,JavaToPascal.pas,./Projects/HumanEvalX/142/ExecutionsExp8Run2_2\08-26-2024_13h21m32s\JavaToPascal.pas,1,fpc ./Projects/HumanEvalX/142/ExecutionsExp8Run2_2\08-26-2024_13h21m32s\JavaToPascal.pas,"b'Free Pascal Compiler version 3.2.2 [2021/05/15] for i386\r\nCopyright (c) 1993-2021 by Florian Klaempfl and others\r\nTarget OS: Win32 for i386\r\nCompiling .\\Projects\\HumanEvalX\\142\\ExecutionsExp8Run2_2\\08-26-2024_13h21m32s\\JavaToPascal.pas\r\nJavaToPascal.pas(15,9) Error: Duplicate identifier ""RESULT""\r\nJavaToPascal.pas(34,13) Error: Incompatible types: got ""LongInt"" expected ""{Dynamic} Array Of LongInt""\r\nJavaToPascal.pas(38,11) Error: Duplicate identifier ""Solution""\r\nJavaToPascal.pas(38,21) Error: Error in type definition\r\nJavaToPascal.pas(47,24) Error: Illegal qualifier\r\nJavaToPascal.pas(66,26) Error: Illegal qualifier\r\nJavaToPascal.pas(70,14) Error: Illegal qualifier\r\nJavaToPascal.pas(73) Fatal: There were 7 errors compiling module, stopping\r\nFatal: Compilation aborted\r\nError: C:\\FPC\\3.2.2\\bin\\i386-Win32\\ppc386.exe returned an error exitcode\r\n'",,
Pascal,JavaToPascal.pas,./Projects/HumanEvalX/142/ExecutionsExp8Run2_2\08-26-2024_13h25m58s\JavaToPascal.pas,1,fpc ./Projects/HumanEvalX/142/ExecutionsExp8Run2_2\08-26-2024_13h25m58s\JavaToPascal.pas,"b'Free Pascal Compiler version 3.2.2 [2021/05/15] for i386\r\nCopyright (c) 1993-2021 by Florian Klaempfl and others\r\nTarget OS: Win32 for i386\r\nCompiling .\\Projects\\HumanEvalX\\142\\ExecutionsExp8Run2_2\\08-26-2024_13h25m58s\\JavaToPascal.pas\r\nJavaToPascal.pas(10,41) Error: Identifier not found ""TList$1""\r\nJavaToPascal.pas(13,46) Error: Identifier not found ""TList$1""\r\nJavaToPascal.pas(16,9) Error: Duplicate identifier ""RESULT""\r\nJavaToPascal.pas(18,23) Error: Illegal qualifier\r\nJavaToPascal.pas(21,19) Error: Illegal qualifier\r\nJavaToPascal.pas(24,22) Error: Illegal qualifier\r\nJavaToPascal.pas(24,29) Error: Illegal qualifier\r\nJavaToPascal.pas(26,34) Error: Illegal qualifier\r\nJavaToPascal.pas(28,22) Error: Illegal qualifier\r\nJavaToPascal.pas(34,13) Error: Incompatible types: got ""LongInt"" expected ""{Dynamic} Array Of LongInt""\r\nJavaToPascal.pas(38,11) Error: Duplicate identifier ""Solution""\r\nJavaToPascal.pas(38,21) Error: Error in type definition\r\nJavaToPascal.pas(40,19) Error: Identifier not found ""TList$1""\r\nJavaToPascal.pas(40,20) Error: Illegal expression\r\nJavaToPascal.pas(46,24) Error: Illegal qualifier\r\nJavaToPascal.pas(47,21) Error: Identifier not found ""TList$1""\r\nJavaToPascal.pas(47,22) Error: Illegal expression\r\nJavaToPascal.pas(56,9) Error: Illegal qualifier\r\nJavaToPascal.pas(60,20) Error: Illegal qualifier\r\nJavaToPascal.pas(62,5) Error: Illegal qualifier\r\nJavaToPascal.pas(63,12) Error: Illegal qualifier\r\nJavaToPascal.pas(65) Fatal: There were 21 errors compiling module, stopping\r\nFatal: Compilation aborted\r\nError: C:\\FPC\\3.2.2\\bin\\i386-Win32\\ppc386.exe returned an error exitcode\r\n'",,
Pascal,JavaToPascal.pas,./Projects/HumanEvalX/142/ExecutionsExp8Run2_2\08-26-2024_13h30m11s\JavaToPascal.pas,1,fpc ./Projects/HumanEvalX/142/ExecutionsExp8Run2_2\08-26-2024_13h30m11s\JavaToPascal.pas,"b'Free Pascal Compiler version 3.2.2 [2021/05/15] for i386\r\nCopyright (c) 1993-2021 by Florian Klaempfl and others\r\nTarget OS: Win32 for i386\r\nCompiling .\\Projects\\HumanEvalX\\142\\ExecutionsExp8Run2_2\\08-26-2024_13h30m11s\\JavaToPascal.pas\r\nJavaToPascal.pas(14,9) Error: Duplicate identifier ""RESULT""\r\nJavaToPascal.pas(29,15) Error: Incompatible types: got ""ShortInt"" expected ""TList<System.LongInt>""\r\nJavaToPascal.pas(31,24) Error: Operator is not overloaded: ""TList$1$crc9F312717"" + ""LongInt""\r\nJavaToPascal.pas(44,11) Error: Duplicate identifier ""Solution""\r\nJavaToPascal.pas(44,21) Error: Error in type definition\r\nJavaToPascal.pas(50,26) Error: Illegal qualifier\r\nJavaToPascal.pas(67,26) Error: Illegal qualifier\r\nJavaToPascal.pas(73,16) Error: Illegal qualifier\r\nJavaToPascal.pas(79) Fatal: There were 8 errors compiling module, stopping\r\nFatal: Compilation aborted\r\nError: C:\\FPC\\3.2.2\\bin\\i386-Win32\\ppc386.exe returned an error exitcode\r\n'",,
Pascal,JavascriptToPascal.pas,./Projects/HumanEvalX/142/ExecutionsExp8Run2_2\08-26-2024_13h17m34s\JavascriptToPascal.pas,1,fpc ./Projects/HumanEvalX/142/ExecutionsExp8Run2_2\08-26-2024_13h17m34s\JavascriptToPascal.pas,"b""Free Pascal Compiler version 3.2.2 [2021/05/15] for i386\r\nCopyright (c) 1993-2021 by Florian Klaempfl and others\r\nTarget OS: Win32 for i386\r\nCompiling .\\Projects\\HumanEvalX\\142\\ExecutionsExp8Run2_2\\08-26-2024_13h17m34s\\JavascriptToPascal.pas\r\nJavascriptToPascal.pas(4,16) Fatal: Can't find unit JSON used by SumSquaresApp\r\nFatal: Compilation aborted\r\nError: C:\\FPC\\3.2.2\\bin\\i386-Win32\\ppc386.exe returned an error exitcode\r\n""",,
Pascal,PythonToPascal.pas,./Projects/HumanEvalX/142/ExecutionsExp8Run2_2\08-26-2024_13h13m46s\PythonToPascal.pas,1,fpc ./Projects/HumanEvalX/142/ExecutionsExp8Run2_2\08-26-2024_13h13m46s\PythonToPascal.pas,"b'Free Pascal Compiler version 3.2.2 [2021/05/15] for i386\r\nCopyright (c) 1993-2021 by Florian Klaempfl and others\r\nTarget OS: Win32 for i386\r\nCompiling .\\Projects\\HumanEvalX\\142\\ExecutionsExp8Run2_2\\08-26-2024_13h13m46s\\PythonToPascal.pas\r\nPythonToPascal.pas(11,9) Error: Duplicate identifier ""RESULT""\r\nPythonToPascal.pas(52) Fatal: There were 1 errors compiling module, stopping\r\nFatal: Compilation aborted\r\nError: C:\\FPC\\3.2.2\\bin\\i386-Win32\\ppc386.exe returned an error exitcode\r\n'",,
Pascal,PythonToPascal.pas,./Projects/HumanEvalX/142/ExecutionsExp8Run2_2\08-26-2024_13h17m34s\PythonToPascal.pas,1,fpc ./Projects/HumanEvalX/142/ExecutionsExp8Run2_2\08-26-2024_13h17m34s\PythonToPascal.pas,"b'Free Pascal Compiler version 3.2.2 [2021/05/15] for i386\r\nCopyright (c) 1993-2021 by Florian Klaempfl and others\r\nTarget OS: Win32 for i386\r\nCompiling .\\Projects\\HumanEvalX\\142\\ExecutionsExp8Run2_2\\08-26-2024_13h17m34s\\PythonToPascal.pas\r\nPythonToPascal.pas(9,9) Error: Duplicate identifier ""RESULT""\r\nPythonToPascal.pas(54) Fatal: There were 1 errors compiling module, stopping\r\nFatal: Compilation aborted\r\nError: C:\\FPC\\3.2.2\\bin\\i386-Win32\\ppc386.exe returned an error exitcode\r\n'",,
Pascal,PythonToPascal.pas,./Projects/HumanEvalX/142/ExecutionsExp8Run2_2\08-26-2024_13h21m32s\PythonToPascal.pas,1,fpc ./Projects/HumanEvalX/142/ExecutionsExp8Run2_2\08-26-2024_13h21m32s\PythonToPascal.pas,"b'Free Pascal Compiler version 3.2.2 [2021/05/15] for i386\r\nCopyright (c) 1993-2021 by Florian Klaempfl and others\r\nTarget OS: Win32 for i386\r\nCompiling .\\Projects\\HumanEvalX\\142\\ExecutionsExp8Run2_2\\08-26-2024_13h21m32s\\PythonToPascal.pas\r\nPythonToPascal.pas(8,11) Error: Duplicate identifier ""RESULT""\r\nPythonToPascal.pas(49,34) Warning: Variable ""numArray"" of a managed type does not seem to be initialized\r\nPythonToPascal.pas(65) Fatal: There were 1 errors compiling module, stopping\r\nFatal: Compilation aborted\r\nError: C:\\FPC\\3.2.2\\bin\\i386-Win32\\ppc386.exe returned an error exitcode\r\n'",,
Pascal,PythonToPascal.pas,./Projects/HumanEvalX/142/ExecutionsExp8Run2_2\08-26-2024_13h25m58s\PythonToPascal.pas,1,fpc ./Projects/HumanEvalX/142/ExecutionsExp8Run2_2\08-26-2024_13h25m58s\PythonToPascal.pas,"b'Free Pascal Compiler version 3.2.2 [2021/05/15] for i386\r\nCopyright (c) 1993-2021 by Florian Klaempfl and others\r\nTarget OS: Win32 for i386\r\nCompiling .\\Projects\\HumanEvalX\\142\\ExecutionsExp8Run2_2\\08-26-2024_13h25m58s\\PythonToPascal.pas\r\nPythonToPascal.pas(8,9) Error: Duplicate identifier ""RESULT""\r\nPythonToPascal.pas(28,13) Error: Incompatible types: got ""LongInt"" expected ""{Dynamic} Array Of LongInt""\r\nPythonToPascal.pas(50) Fatal: There were 2 errors compiling module, stopping\r\nFatal: Compilation aborted\r\nError: C:\\FPC\\3.2.2\\bin\\i386-Win32\\ppc386.exe returned an error exitcode\r\n'",,
Pascal,PythonToPascal.pas,./Projects/HumanEvalX/142/ExecutionsExp8Run2_2\08-26-2024_13h30m11s\PythonToPascal.pas,1,fpc ./Projects/HumanEvalX/142/ExecutionsExp8Run2_2\08-26-2024_13h30m11s\PythonToPascal.pas,"b'Free Pascal Compiler version 3.2.2 [2021/05/15] for i386\r\nCopyright (c) 1993-2021 by Florian Klaempfl and others\r\nTarget OS: Win32 for i386\r\nCompiling .\\Projects\\HumanEvalX\\142\\ExecutionsExp8Run2_2\\08-26-2024_13h30m11s\\PythonToPascal.pas\r\nPythonToPascal.pas(9,9) Error: Duplicate identifier ""RESULT""\r\nPythonToPascal.pas(61,5) Error: Illegal expression\r\nPythonToPascal.pas(61,9) Fatal: Syntax error, "";"" expected but ""identifier INPUTARRAY"" found\r\nFatal: Compilation aborted\r\nError: C:\\FPC\\3.2.2\\bin\\i386-Win32\\ppc386.exe returned an error exitcode\r\n'",,
c#,JavascriptToC#.cs,./Projects/HumanEvalX/142/ExecutionsExp8Run2_2\08-26-2024_13h13m46s\JavascriptToC#.cs,1,csc.bat /out:./Projects/HumanEvalX/142/ExecutionsExp8Run2_2\08-26-2024_13h13m46s\JavascriptToC#.exe ./Projects/HumanEvalX/142/ExecutionsExp8Run2_2\08-26-2024_13h13m46s\JavascriptToC#.cs,"b""Microsoft (R) Visual C# Compiler version 3.9.0-6.21124.20 (db94f4cc)\r\nCopyright (C) Microsoft Corporation. All rights reserved.\r\n\r\nProjects\\HumanEvalX\\142\\ExecutionsExp8Run2_2\\08-26-2024_13h13m46s\\JavascriptToC#.cs(11,30): error CS0103: The name 'JsonConvert' does not exist in the current context\r\n""",,
c#,JavascriptToC#.cs,./Projects/HumanEvalX/142/ExecutionsExp8Run2_2\08-26-2024_13h17m34s\JavascriptToC#.cs,1,csc.bat /out:./Projects/HumanEvalX/142/ExecutionsExp8Run2_2\08-26-2024_13h17m34s\JavascriptToC#.exe ./Projects/HumanEvalX/142/ExecutionsExp8Run2_2\08-26-2024_13h17m34s\JavascriptToC#.cs,"b""Microsoft (R) Visual C# Compiler version 3.9.0-6.21124.20 (db94f4cc)\r\nCopyright (C) Microsoft Corporation. All rights reserved.\r\n\r\nProjects\\HumanEvalX\\142\\ExecutionsExp8Run2_2\\08-26-2024_13h17m34s\\JavascriptToC#.cs(12,29): error CS0103: The name 'JsonConvert' does not exist in the current context\r\n""",,
c#,JavascriptToC#.cs,./Projects/HumanEvalX/142/ExecutionsExp8Run2_2\08-26-2024_13h21m32s\JavascriptToC#.cs,1,csc.bat /out:./Projects/HumanEvalX/142/ExecutionsExp8Run2_2\08-26-2024_13h21m32s\JavascriptToC#.exe ./Projects/HumanEvalX/142/ExecutionsExp8Run2_2\08-26-2024_13h21m32s\JavascriptToC#.cs,"b""Microsoft (R) Visual C# Compiler version 3.9.0-6.21124.20 (db94f4cc)\r\nCopyright (C) Microsoft Corporation. All rights reserved.\r\n\r\nProjects\\HumanEvalX\\142\\ExecutionsExp8Run2_2\\08-26-2024_13h21m32s\\JavascriptToC#.cs(15,30): error CS0103: The name 'JsonConvert' does not exist in the current context\r\n""",,
c#,JavascriptToC#.cs,./Projects/HumanEvalX/142/ExecutionsExp8Run2_2\08-26-2024_13h25m58s\JavascriptToC#.cs,1,csc.bat /out:./Projects/HumanEvalX/142/ExecutionsExp8Run2_2\08-26-2024_13h25m58s\JavascriptToC#.exe ./Projects/HumanEvalX/142/ExecutionsExp8Run2_2\08-26-2024_13h25m58s\JavascriptToC#.cs,"b""Microsoft (R) Visual C# Compiler version 3.9.0-6.21124.20 (db94f4cc)\r\nCopyright (C) Microsoft Corporation. All rights reserved.\r\n\r\nProjects\\HumanEvalX\\142\\ExecutionsExp8Run2_2\\08-26-2024_13h25m58s\\JavascriptToC#.cs(12,27): error CS0103: The name 'JsonConvert' does not exist in the current context\r\n""",,
c#,JavascriptToC#.cs,./Projects/HumanEvalX/142/ExecutionsExp8Run2_2\08-26-2024_13h30m11s\JavascriptToC#.cs,1,csc.bat /out:./Projects/HumanEvalX/142/ExecutionsExp8Run2_2\08-26-2024_13h30m11s\JavascriptToC#.exe ./Projects/HumanEvalX/142/ExecutionsExp8Run2_2\08-26-2024_13h30m11s\JavascriptToC#.cs,"b""Microsoft (R) Visual C# Compiler version 3.9.0-6.21124.20 (db94f4cc)\r\nCopyright (C) Microsoft Corporation. All rights reserved.\r\n\r\nProjects\\HumanEvalX\\142\\ExecutionsExp8Run2_2\\08-26-2024_13h30m11s\\JavascriptToC#.cs(36,27): error CS0103: The name 'JsonConvert' does not exist in the current context\r\n""",,
